{"Jonathan_Rotenberg": "Coaching", "Coaching": "Mentorship", "Mentorship": "Apprenticeship", "Apprenticeship": "Tradesman", "Tradesman": "Skilled_worker", "Skilled_worker": "Labour_(economics)", "Labour_(economics)": "Market_(economics)", "Market_(economics)": "Economics", "Economics": "Social_science", "Social_science": "Branches_of_science", "Branches_of_science": "Science", "Mishan_Rural_District": "Rural_Districts_of_Iran", "Rural_Districts_of_Iran": "Administrative_divisions_of_Iran", "Administrative_divisions_of_Iran": "Country_subdivision", "Country_subdivision": "Sovereign_state", "Sovereign_state": "Polity", "Polity": "Politics", "Politics": "Decision-making", "Decision-making": "Psychology", "Psychology": "Science", "S%C3%B8ren_Fredrik_Voie": "Vestv%C3%A5g%C3%B8y", "Vestv%C3%A5g%C3%B8y": "List_of_municipalities_of_Norway", "List_of_municipalities_of_Norway": "Norway", "Norway": "Nordic_countries", "Nordic_countries": "Cultural_region", "Cultural_region": "Anthropology", "Anthropology": "Science", "Roman_Catholic_Diocese_of_Rafaela": "Argentina", "Argentina": "South_America", "South_America": "Continent", "Continent": "Landmass", "Landmass": "Region", "Region": "Geography", "Geography": "Science", "Registry_of_Marriages": "Singapore", "Singapore": "Sovereign_state", "Bristol_Primary_Trainer": "United_Kingdom", "United_Kingdom": "Sovereign_state", "Moselopterus": "Eurypterid", "Eurypterid": "Arthropod", "Arthropod": "Invertebrate", "Invertebrate": "Polyphyletic", "Polyphyletic": "Taxon", "Taxon": "Biology", "Biology": "Science", "Preflagellin_peptidase": "Enzyme", "Enzyme": "Protein", "Protein": "Biomolecule", "Biomolecule": "Molecule", "Molecule": "Atom", "Atom": "Matter", "Matter": "Classical_physics", "Classical_physics": "Physics", "Physics": "Natural_science", "Natural_science": "Branches_of_science", "Poultney_River": "Vermont", "Vermont": "U.S._state", "U.S._state": "United_States", "United_States": "List_of_transcontinental_countries", "List_of_transcontinental_countries": "Country", "Country": "Earth", "Earth": "Planet", "Planet": "Astronomical_object", "Astronomical_object": "Physical_object", "Physical_object": "Classical_mechanics", "Classical_mechanics": "Theoretical_physics", "Theoretical_physics": "Physics", "LSK-Hallen": "Football_(soccer)", "Football_(soccer)": "Team_sport", "Team_sport": "Sport", "Sport": "Competition", "Competition": "Rivalry", "Rivalry": "Social_group", "Social_group": "Social_science", "Jasmine_Warga": "Other_Words_for_Home", "Other_Words_for_Home": "Children%27s_literature", "Children%27s_literature": "Fairy_tale", "Fairy_tale": "Folklore_genre", "Folklore_genre": "Tradition", "Tradition": "Belief", "Belief": "Attitude_(psychology)", "Attitude_(psychology)": "Psychology", "Ate%C5%9F_H%C4%B1rs%C4%B1z%C4%B1": "Anarchism", "Anarchism": "Political_philosophy", "Political_philosophy": "Philosophical", "Philosophical": "Existence", "Existence": "Reality", "Reality": "System", "System": "Interaction", "Interaction": "Causality", "Causality": "Event_(relativity)", "Event_(relativity)": "Physics", "Louis_S%C3%A9v%C3%A8ke": "Venray", "Venray": "Municipalities_of_the_Netherlands", "Municipalities_of_the_Netherlands": "Caribbean_Netherlands", "Caribbean_Netherlands": "Netherlands", "Netherlands": "Terminology_of_the_Low_Countries", "Terminology_of_the_Low_Countries": "Low_Countries", "Low_Countries": "Europe", "Europe": "Continent", "1941_SANFL_season": "Australian_rules_football", "Australian_rules_football": "Contact_sport", "Contact_sport": "Sport", "Antonio_Santos_Peralba": "Association_football", "Association_football": "Team_sport", "Georges_Dillon-Kavanagh": "Fencing", "Fencing": "Combat_sport", "Combat_sport": "Contact_sport", "Chaupura": "Amawan", "Amawan": "Community_development_block", "Community_development_block": "India", "India": "Hindi", "Hindi": "Devan%C4%81gar%C4%AB", "Devan%C4%81gar%C4%AB": "IAST", "IAST": "Romanisation", "Romanisation": "Linguistics", "Linguistics": "Science", "Ba%C3%B1ado_Tacumb%C3%BA_(Asunci%C3%B3n)": "Asunci%C3%B3n", "Asunci%C3%B3n": "British_English", "British_English": "Lexico", "Lexico": "Oxford_University_Press", "Oxford_University_Press": "University_press", "University_press": "Publishing", "Publishing": "Book", "Book": "Information", "Information": "Communication", "Communication": "Self", "Self": "Individual", "Individual": "Entity", "Entity": "Existence", "Pertti_Torikka": "Olympic_weightlifting", "Olympic_weightlifting": "Sport", "Wilson_Cottage": "Cure_Cottages_of_Saranac_Lake", "Cure_Cottages_of_Saranac_Lake": "Saranac_Lake,_New_York", "Saranac_Lake,_New_York": "Village_(New_York)", "Village_(New_York)": "Local_government", "Local_government": "Public_administration", "Public_administration": "Governance", "Governance": "Law", "Law": "Law_enforcement", "Law_enforcement": "Government", "Government": "State_(polity)", "State_(polity)": "Politics", "Quickboat": "Folding_boat", "Folding_boat": "Boat", "Boat": "Watercraft", "Watercraft": "Vehicle", "Vehicle": "Machine", "Machine": "Power_(physics)", "Power_(physics)": "Physics", "Japanese_submarine_Ha-201": "Imperial_Japanese_Navy", "Imperial_Japanese_Navy": "Ky%C5%ABjitai", "Ky%C5%ABjitai": "Kanji", "Kanji": "Logographic", "Logographic": "Written_character", "Written_character": "Linguistics", "Br%C3%BCgger_%26_Thomet_APR": "Bolt-action", "Bolt-action": "Firearm_action", "Firearm_action": "Firearms", "Firearms": "Gun", "Gun": "Ranged_weapon", "Ranged_weapon": "Wikipedia:Accuracy_dispute#Disputed_statement", "Wikipedia:Accuracy_dispute#Disputed_statement": "Wikipedia:V", "Wikipedia:V": "Wikipedia:No_original_research", "Wikipedia:No_original_research": "Wikipedia", "Wikipedia": "Multilingualism", "Multilingualism": "Language", "Language": "Communication", "1991_Volvo_PGA_Championship": "Volvo_PGA_Championship", "Volvo_PGA_Championship": "Golf", "Golf": "Sport", "Lepiota_cristatanea": "Agaric", "Agaric": "Mushroom", "Mushroom": "Spore", "Spore": "Biology", "L%C3%A1szl%C3%B3_Sz%C5%91cs": "Romania", "Romania": "Central_Europe", "Central_Europe": "Europe", "John_and_Evelyn_Billings": "Member_of_the_Order_of_Australia", "Member_of_the_Order_of_Australia": "Order_(distinction)", "Order_(distinction)": "Honour", "Honour": "British_English", "Commatica_servula": "Moth", "Moth": "Paraphyly", "Paraphyly": "Taxonomy_(general)", "Taxonomy_(general)": "Categorization", "Categorization": "Experience", "Experience": "Consciousness", "Consciousness": "Sentience", "Sentience": "Feeling", "Feeling": "Emotion", "Emotion": "Mental_state", "Mental_state": "Mind", "Mind": "Phenomenon", "Phenomenon": "Observable", "Observable": "Physics", "Kamjan,_Fars": "Romanize", "Romanize": "Linguistics", "Ichikawa-Daimon_Station": "Train_station", "Train_station": "Rail_transport", "Rail_transport": "Transport", "Transport": "British_English", "Manu_Trigueros": "Association_football", "Hi_Jasper": "Pitcher", "Pitcher": "Baseball", "Baseball": "Bat-and-ball_games", "Bat-and-ball_games": "Playing_field", "Playing_field": "Sport"}